"id";"user_id";"jenis";"tipe";"kondisi";"merk";"tahun_peroleh";"nib";"nomor_seri";"lokasi";"status";"bukti_rusak_berat";"created_at";"updated_at"
"344";"1";"PC";"Optiplex 3020 Micro";"Baik";"DELL";"2010";"-";"6P72Y42";"IPDS-Ruang Pegawai";"Operasional";NULL;"2021-11-11 04:05:50";"2021-11-11 04:05:50"
"345";"250";"Printer";"Laserjet 2055";"Baik";"HP";"2010";"-";"CNCJ407425";"Nerwilis-Ruang Pegawai";"Operasional";NULL;"2021-11-11 04:05:50";"2021-11-11 04:05:50"
"346";"5";"Laptop";"Thinkpad";"Rusak Ringan";"LENOVO";"2009";"-";"XHWGK";"Umum-Ruang Pegawai Umum";"Operasional";NULL;"2021-11-11 04:05:50";"2021-11-11 04:05:50"
"347";"5";"Laptop";"V330-14IKB";"Baik";"LENOVO";"2019";"0";"MP1DWLN7";"Umum-Ruang Pegawai Umum";"Operasional";NULL;"2021-11-11 04:05:50";"2021-11-11 04:05:50"
"348";"202";"Headset/Earphone";"Sport Bluetooth";"Baik";"Vivan";"2020";"3060102118";"-";"Statistik Distribusi-Ruang Pegawai";"Operasional";NULL;"2021-11-11 04:05:50";"2021-11-11 04:05:50"
"349";"205";"Printer";"MX537";"Baik";"CANON";"2015";"054011700428701000KD.2015";"010006761976";"Statistik Distribusi-Ruang Pegawai";"Operasional";NULL;"2021-11-11 04:05:50";"2021-11-11 04:05:50"
"350";"205";"UPS";"VESTA 625/625L";"Rusak Berat";"VEKTOR ABLEREX";"2013";"-";"MA311041990";"Statistik Distribusi-Ruang Pegawai";"Tidak digunakan";NULL;"2021-11-11 04:05:50";"2021-11-11 04:05:50"
"351";"205";"PC";"Optiplex 780";"Baik";"DELL";"2016";"-";"G3BH32S";"Statistik Distribusi-Ruang Pegawai";"Tidak digunakan";NULL;"2021-11-11 04:05:50";"2021-11-11 04:05:50"
"352";"249";"Tablet";"Galaxy Tab S4";"Baik";"Samsung";"2016";"RR2K9006R7J";"SM-T835";"Ruang Kepala BPS";"Operasional";NULL;"2021-11-11 04:05:50";"2021-11-11 04:05:50"
"353";"249";"PC";"EEETOP.2013IUTIB041C";"Baik";"ASUS";"2014";"310010200186";"E9PTBX003546";"Ruang Kepala BPS";"Operasional";NULL;"2021-11-11 04:05:50";"2021-11-11 04:05:50"
"354";"186";"Laptop";"Zenbook";"Baik";"ASUS";"2016";"-";"EDU7LCUU";"Ruang Kepala BPS";"Operasional";NULL;"2021-11-11 04:05:50";"2021-11-11 04:05:50"
"355";"249";"PRINTER";"Image Class LBP7018C";"Baik";"CANON";"2013";"-";"MJLA5033773";"Ruang Kepala BPS";"Operasional";NULL;"2021-11-11 04:05:50";"2021-11-11 04:05:50"
"356";"196";"Headset/Earphone";"WIRELESS";"Baik";"VIVAN";"2020";"054011700428701000KD.2020";"306010211B";"Nerwilis-Ruang Pegawai";"Operasional";NULL;"2021-11-11 04:05:50";"2021-11-11 04:05:50"
"357";"196";"PC";"Think Centre M710t";"Baik";"LENOVO";"2016";"-";"71Y3517";"Nerwilis-Ruang Pegawai";"Operasional";NULL;"2021-11-11 04:05:50";"2021-11-11 04:05:50"
"358";"5";"Laptop";"Ideapad V330-14IKB";"Rusak Ringan";"LENOVO";"2018";"-";"MP1DWLZD";"Umum-Ruang Pegawai Umum";"Operasional";NULL;"2021-11-11 04:05:50";"2021-11-11 04:05:50"
"359";"244";"Laptop";"ThinkPad T14 Gen 1";"Baik";"LENOVO";"2021";"0000000000000";"PF-2J7X4G";"Umum-Ruang Pegawai Perencanaan";"Operasional";NULL;"2021-11-11 04:05:50";"2021-11-11 04:05:50"
"360";"5";"PC";"Optiplex 3040 Micro";"Baik";"DELL";"2016";"-";"1QFL7C2";"Umum-Ruang Pegawai Umum";"Operasional";NULL;"2021-11-11 04:05:50";"2021-11-11 04:05:50"
"361";"5";"UPS";"NV 600 H";"Baik";"EATON";"2011";"-";"439901211";"Umum-Ruang Pegawai Umum";"Operasional";NULL;"2021-11-11 04:05:50";"2021-11-11 04:05:50"
"362";"5";"Laptop";"Probook";"Baik";"HP";"2018";"054011700428701000KD.2018";"3100102002";"Umum-Ruang Pegawai Umum";"Operasional";NULL;"2021-11-11 04:05:50";"2021-11-11 04:05:50"
"363";"273";"PC";"Optiplex 780";"Baik";"DELL";"2011";"310010200132";"GGMH32S";"Statistik Distribusi-Ruang Pegawai";"Operasional";NULL;"2021-11-11 04:05:50";"2021-11-11 04:05:50"
"364";"273";"PC";"Optiplex 780";"Rusak Ringan";"DELL";"2011";"-";"-";"Statistik Distribusi-Ruang Pegawai";"Operasional";NULL;"2021-11-11 04:05:50";"2021-11-11 04:05:50"
"365";"215";"PC";"ThinkCentre M720t";"Baik";"Lenovo";"2019";"3100102001177";"PC18JDEG";"IPDS-Ruang Pengolahan";"Operasional";NULL;"2021-11-11 04:05:50";"2021-11-11 04:05:50"
"366";"215";"UPS";"PSA600-SOHO";"Baik";"EMERSON";"0";"-";"24171400451SH";"IPDS-Ruang Pengolahan";"Operasional";NULL;"2021-11-11 04:05:50";"2021-11-11 04:05:50"
"367";"215";"PC";"Optiplex 780";"Rusak Berat";"DELL";"0";"-";"C1BH32S";"IPDS-Ruang Pengolahan";"Tidak Digunakan";NULL;"2021-11-11 04:05:50";"2021-11-11 04:05:50"
"368";"215";"PC";"Optiplex 780";"Rusak Berat";"DELL";"0";"-";"63BH32S";"IPDS-Ruang Pengolahan";"Tidak Digunakan";NULL;"2021-11-11 04:05:50";"2021-11-11 04:05:50"
"369";"255";"Laptop";"VIVO BOOK A442U";"Baik";"ASUS";"2018";"-";"J2N0CV08H163089";"Statistik Sosial-Ruang Pegawai";"Operasional";NULL;"2021-11-11 04:05:50";"2021-11-11 04:05:50"
"370";"215";"PC";"ThinkCentre M720t";"Baik";"Lenovo";"2019";"3100102001188";"PC18RHSO";"IPDS-Ruang Pengolahan";"Operasional";NULL;"2021-11-11 04:05:50";"2021-11-11 04:05:50"
"371";"215";"UPS";"Back-UPS 650";"Baik";"APC";"2019";"-";"9B1928A05741";"IPDS-Ruang Pengolahan";"Operasional";NULL;"2021-11-11 04:05:50";"2021-11-11 04:05:50"
"372";"215";"PC";"ThinkCentre M720t";"Baik";"Lenovo";"2019";"3100102001191";"PC18RE05";"IPDS-Ruang Pengolahan";"Operasional";NULL;"2021-11-11 04:05:50";"2021-11-11 04:05:50"
"373";"215";"UPS";"PSA600-SOHO";"Baik";"EMERSON";"0";"-";"24171407443SH";"IPDS-Ruang Pengolahan";"Operasional";NULL;"2021-11-11 04:05:50";"2021-11-11 04:05:50"
"374";"215";"Scanner";"FI-5950";"Baik";"Fujitsu";"0";"-";"AA2CC00034";"IPDS-Ruang Pegawai";"Operasional";NULL;"2021-11-11 04:05:50";"2021-11-11 04:05:50"
"375";"215";"Printer";"Color LaserJet Managed MFP E7782";"Baik";"HP";"2019";"-";"CNC1L8D05Z";"IPDS-Ruang Pegawai";"Operasional";NULL;"2021-11-11 04:05:50";"2021-11-11 04:05:50"
"376";"215";"PC";"ThinkCentre M720t";"Baik";"Lenovo";"2019";"3100102001179";"PC18QFKY";"IPDS-Ruang Pengolahan";"Operasional";NULL;"2021-11-11 04:05:50";"2021-11-11 04:05:50"
"377";"215";"UPS";"Back-UPS 650";"Baik";"APC";"2019";"-";"9B1928A05738";"IPDS-Ruang Pengolahan";"Operasional";NULL;"2021-11-11 04:05:50";"2021-11-11 04:05:50"
"378";"215";"PC";"Think Centre M720t";"Baik";"LENOVO";"2019";"3100102001185";"PC18RME1";"IPDS-Ruang Pengolahan";"Operasional";NULL;"2021-11-11 04:05:50";"2021-11-11 04:05:50"
"379";"215";"UPS";"Back-UPS 650";"Baik";"APC";"2019";"-";"9B1928A05317";"IPDS-Ruang Pengolahan";"Operasional";NULL;"2021-11-11 04:05:50";"2021-11-11 04:05:50"
"380";"215";"UPS";"Back-UPS 650";"Baik";"APC";"2019";"-";"9B1928A05314";"IPDS-Ruang Pengolahan";"Operasional";NULL;"2021-11-11 04:05:50";"2021-11-11 04:05:50"
"381";"215";"PC";"Think Centre M720t";"Baik";"LENOVO";"2019";"3100102001176";"PC18RLEB";"IPDS-Ruang Pengolahan";"Operasional";NULL;"2021-11-11 04:05:50";"2021-11-11 04:05:50"
"382";"215";"UPS";"Back-UPS 650";"Baik";"APC";"2019";"-";"9B1935A30334";"IPDS-Ruang Pengolahan";"Operasional";NULL;"2021-11-11 04:05:50";"2021-11-11 04:05:50"
"383";"215";"PC";"Optiplex 3010";"Rusak Ringan";"DELL";"2013";"3100102001081";"BD62G2S";"IPDS-Ruang Pengolahan";"Operasional";NULL;"2021-11-11 04:05:50";"2021-11-11 04:05:50"
"384";"215";"PC";"Think Centre M720t";"Baik";"LENOVO";"2019";"3100102001194";"PC18RMDW";"IPDS-Ruang Pengolahan";"Operasional";NULL;"2021-11-11 04:05:50";"2021-11-11 04:05:50"
"385";"215";"UPS";"Back-UPS 650";"Baik";"APC";"2019";"-";"9B1935A26367";"IPDS-Ruang Pengolahan";"Operasional";NULL;"2021-11-11 04:05:50";"2021-11-11 04:05:50"
"386";"283";"PC";"Optiplex 3010";"Baik";"DELL";"2013";"3100102001082";"2NB2G2S";"Statistik Distribusi-Ruang Pegawai";"Operasional";NULL;"2021-11-11 04:05:50";"2021-11-11 04:05:50"
"387";"215";"PC";"ProDesk 400 G5 SFF";"Baik";"HP";"2018";"3100102001139";"1CZ83101DK";"IPDS-Ruang Pengolahan";"Operasional";NULL;"2021-11-11 04:05:50";"2021-11-11 04:05:50"
"388";"215";"UPS";"Back-UPS 650";"Baik";"APC";"2019";"-";"9B1809A01832";"IPDS-Ruang Pengolahan";"Operasional";NULL;"2021-11-11 04:05:50";"2021-11-11 04:05:50"
"389";"215";"PC";;"Rusak Ringan";"DELL";"0";"-";"R87NHFC";"IPDS-Ruang Pengolahan";"Operasional";NULL;"2021-11-11 04:05:50";"2021-11-11 04:05:50"
"390";"215";"PC";"ProDesk 400 G5 SFF";"Baik";"HP";"2018";"3100102001142";"1CZ83101DF";"IPDS-Ruang Pengolahan";"Operasional";NULL;"2021-11-11 04:05:50";"2021-11-11 04:05:50"
"391";"215";"UPS";"Back-UPS 650";"Baik";"APC";"2019";"-";"9B1935A24465";"IPDS-Ruang Pengolahan";"Operasional";NULL;"2021-11-11 04:05:50";"2021-11-11 04:05:50"
"392";"215";"UPS";"Ellipse MAX 850";"Baik";"EATON";"2010";"-";"ADJK5102E";"IPDS-Ruang Pengolahan";"Operasional";NULL;"2021-11-11 04:05:50";"2021-11-11 04:05:50"
"393";"215";"PC";"ProDesk 400 G5 SFF";"Baik";"HP";"2018";"3100102001135";"1CZ831019H";"IPDS-Ruang Pengolahan";"Operasional";NULL;"2021-11-11 04:05:50";"2021-11-11 04:05:50"
"394";"215";"UPS";"Back-UPS 650";"Baik";"APC";"2019";"-";"9B1935A26366";"IPDS-Ruang Pengolahan";"Operasional";NULL;"2021-11-11 04:05:50";"2021-11-11 04:05:50"
"395";"215";"Rak";"Power Edge VRTX Chasis";"Baik";"DELL";"2015";"-";"67BL862";"IPDS-Ruang Pengolahan";"Operasional";NULL;"2021-11-11 04:05:50";"2021-11-11 04:05:50"
"396";"215";"PC";"OptiPlex 3020";"Rusak Ringan";"DELL";"2016";"-";"26MZY42";"IPDS-Ruang Pengolahan";"Operasional";NULL;"2021-11-11 04:05:50";"2021-11-11 04:05:50"
"397";"215";"UPS";"Ellipse MAX 850";"Baik";"EATON";"2010";"-";"ADJK5103E";"IPDS-Ruang Pengolahan";"Operasional";NULL;"2021-11-11 04:05:50";"2021-11-11 04:05:50"
"398";"215";"PC";"Optiplex 780";"Rusak Ringan";"DELL";"0";"-";"B3BH32S";"IPDS-Ruang Pengolahan";"Tidak Digunakan";NULL;"2021-11-11 04:05:50";"2021-11-11 04:05:50"
"399";"215";"PC";"ThinkCentre M720t";"Baik";"Lenovo";"2019";"3100102001189";"PC18RMAP";"IPDS-Ruang Pengolahan";"Operasional";NULL;"2021-11-11 04:05:50";"2021-11-11 04:05:50"
"400";"215";"UPS";"Ellipse MAX 850";"Baik";"EATON";"2010";"-";"ADJK5103C";"IPDS-Ruang Pengolahan";"Operasional";NULL;"2021-11-11 04:05:50";"2021-11-11 04:05:50"
"401";"215";"PC";"Optiplex 780";"Rusak Berat";"DELL";"0";"-";"FJMH32S";"IPDS-Ruang Pengolahan";"Tidak Digunakan";NULL;"2021-11-11 04:05:50";"2021-11-11 04:05:50"
"402";"215";"UPS";"PSA600-SOHO";"Baik";"EMERSON";"0";"-";"24171400450SH";"IPDS-Ruang Pengolahan";"Operasional";NULL;"2021-11-11 04:05:50";"2021-11-11 04:05:50"
"403";"215";"PC";"Optiplex 330";"Rusak Ringan";"DELL";"2008";"-";"BQHST1S";"IPDS-Ruang Pengolahan";"Tidak Digunakan";NULL;"2021-11-11 04:05:50";"2021-11-11 04:05:50"
"404";"215";"PC";"ThinkCentre M720t";"Baik";"Lenovo";"2019";"3100102001181";"PC18RL6T";"IPDS-Ruang Pengolahan";"Operasional";NULL;"2021-11-11 04:05:50";"2021-11-11 04:05:50"
"405";"215";"Guillotine";"EBA 480EP";"Baik";"EBA";"2009";"30501050241";"-";"IPDS-Ruang Pegawai";"Operasional";NULL;"2021-11-11 04:05:50";"2021-11-11 04:05:50"
"406";"215";"PC";"ThinkCentre M720t";"Baik";"Lenovo";"2019";"3100102001183";"PC18RER9";"IPDS-Ruang Pengolahan";"Operasional";NULL;"2021-11-11 04:05:50";"2021-11-11 04:05:50"
"407";"215";"UPS";"Back-UPS 650";"Baik";"APC";"2019";"-";"9B1928A05768";"IPDS-Ruang Pengolahan";"Operasional";NULL;"2021-11-11 04:05:50";"2021-11-11 04:05:50"
"409";"215";"PC";"Think Centre M720t";"Baik";"LENOVO";"2019";"3100102001174";"PC18RFEV";"IPDS-Ruang Pengolahan";"Operasional";NULL;"2021-11-11 04:05:50";"2021-11-11 04:05:50"
"410";"215";"PC";"ThinkCentre M720t";"Baik";"Lenovo";"2019";"3100102001193";"PC18JDES";"IPDS-Ruang Pengolahan";"Operasional";NULL;"2021-11-11 04:05:50";"2021-11-11 04:05:50"
"411";"215";"UPS";"Back-UPS 650";"Baik";"APC";"2019";"-";"9B1928A05767";"IPDS-Ruang Pengolahan";"Operasional";NULL;"2021-11-11 04:05:50";"2021-11-11 04:05:50"
"412";"215";"PC";"Think Centre M720t";"Baik";"LENOVO";"2019";"3100102001178";"PC18RFL7";"IPDS-Ruang Pengolahan";"Operasional";NULL;"2021-11-11 04:05:50";"2021-11-11 04:05:50"
"413";"215";"UPS";"Back-UPS 650";"Baik";"APC";"2019";"-";"9B1935A30336";"IPDS-Ruang Pengolahan";"Operasional";NULL;"2021-11-11 04:05:50";"2021-11-11 04:05:50"
"414";"215";"PC";"Asus All in One PC";"Baik";"ASUS";"2014";"-";"E9PTBX003535";"IPDS-Ruang Pengolahan";"Operasional";NULL;"2021-11-11 04:05:50";"2021-11-11 04:05:50"
"415";"215";"PC";"Think Centre M720t";"Baik";"LENOVO";"2019";"3100102001187";"PC18RMCS";"IPDS-Ruang Pengolahan";"Operasional";NULL;"2021-11-11 04:05:50";"2021-11-11 04:05:50"
"416";"215";"UPS";"Back-UPS 650";"Baik";"APC";"2019";"-";"9B1935A26369";"IPDS-Ruang Pengolahan";"Operasional";NULL;"2021-11-11 04:05:50";"2021-11-11 04:05:50"
"417";"215";"UPS";"Pulsar 1500";"Rusak Ringan";"Pulsar";"0";"-";"113H23008";"IPDS-Ruang Pengolahan";"Operasional";NULL;"2021-11-11 04:05:50";"2021-11-11 04:05:50"
"418";"215";"PC";"ProDesk 400 G5 SFF";"Baik";"HP";"2018";"3100102001136";"1CZ83101MR";"IPDS-Ruang Pengolahan";"Operasional";NULL;"2021-11-11 04:05:50";"2021-11-11 04:05:50"
"419";"215";"UPS";"PSA600-SOHO";"Baik";"EMERSON";"0";"-";"241711400449SH";"IPDS-Ruang Pengolahan";"Operasional";NULL;"2021-11-11 04:05:50";"2021-11-11 04:05:50"
"420";"215";"PC";;"Rusak Ringan";"DELL";"0";"-";"R86ZXTX";"IPDS-Ruang Pengolahan";"Operasional";NULL;"2021-11-11 04:05:50";"2021-11-11 04:05:50"
"421";"215";"UPS";"Back-UPS 650";"Baik";"APC";"2019";"-";"9B1935A30335";"IPDS-Ruang Pengolahan";"Operasional";NULL;"2021-11-11 04:05:50";"2021-11-11 04:05:50"
"422";"215";"Server";"-";"Baik";"AXWAY";"0";"-";"-";"IPDS-Ruang Pengolahan";"Operasional";NULL;"2021-11-11 04:05:50";"2021-11-11 04:05:50"
"423";"215";"PC";"Prodesk 41 G5 SFF";"Baik";"HP";"2018";"3100102001141";"1CZ83100WK";"IPDS-Ruang Pegawai";"Operasional";NULL;"2021-11-11 04:05:50";"2021-11-11 04:05:50"
"424";"215";"PC";"ProDesk 400 G5 SFF";"Baik";"HP";"2018";"3100102001143";"1CZ831015K";"IPDS-Ruang Pengolahan";"Operasional";NULL;"2021-11-11 04:05:50";"2021-11-11 04:05:50"
"425";"215";"UPS";"Back-UPS 650";"Baik";"APC";"2019";"-";"9B1928A05740";"IPDS-Ruang Pengolahan";"Operasional";NULL;"2021-11-11 04:05:50";"2021-11-11 04:05:50"
"426";"215";"Server";"Power Edge M630 Blade Server";"Baik";"DELL";"2015";"3100204001008";"-";"IPDS-Ruang Pengolahan";"Operasional";NULL;"2021-11-11 04:05:50";"2021-11-11 04:05:50"
"427";"215";"PC";"ProDesk 400 G5 SFF";"Baik";"HP";"2018";"-";"1CZ83100VW";"IPDS-Ruang Pengolahan";"Operasional";NULL;"2021-11-11 04:05:50";"2021-11-11 04:05:50"
"428";"215";"UPS";"Ellipse MAX 850";"Baik";"EATON";"2010";"305020601722";"ADJK5103B";"IPDS-Ruang Pengolahan";"Operasional";NULL;"2021-11-11 04:05:50";"2021-11-11 04:05:50"
"429";"215";"NAS";"Xpension";"Baik";"QNAP";"0";"-";"-";"IPDS-Ruang Pengolahan";"Operasional";NULL;"2021-11-11 04:05:50";"2021-11-11 04:05:50"
"430";"215";"PC";"ThinkCentre M720t";"Baik";"Lenovo";"2019";"3100102001190";"PC180FOP";"IPDS-Ruang Pengolahan";"Operasional";NULL;"2021-11-11 04:05:50";"2021-11-11 04:05:50"
"431";"215";"UPS";"PSA600-SOHO";"Baik";"EMERSON";"0";"-";"24171407094SH";"IPDS-Ruang Pengolahan";"Operasional";NULL;"2021-11-11 04:05:50";"2021-11-11 04:05:50"
"432";"215";"PC";"Optiplex 780";"Rusak Ringan";"DELL";"0";"-";"C5BH32S";"IPDS-Ruang Pengolahan";"Tidak Digunakan";NULL;"2021-11-11 04:05:50";"2021-11-11 04:05:50"
"433";"215";"Headset/Earphone";"WIRELESS";"Baik";"VIVAN";"2020";"306010211851";"-";"IPDS-Ruang Pegawai";"Operasional";NULL;"2021-11-11 04:05:50";"2021-11-11 04:05:50"
"434";"215";"PC";"ThinkCentre M720t";"Baik";"Lenovo";"2019";"3100102001180";"PC18JPFO";"IPDS-Ruang Pengolahan";"Operasional";NULL;"2021-11-11 04:05:50";"2021-11-11 04:05:50"
"435";"215";"UPS";"PSA600-SOHO";"Baik";"EMERSON";"0";"-";"24171407041SH";"IPDS-Ruang Pengolahan";"Operasional";NULL;"2021-11-11 04:05:50";"2021-11-11 04:05:50"
"436";"215";"PC";"Optiplex 780";"Rusak Berat";"DELL";"0";"-";"91BH32S";"IPDS-Ruang Pengolahan";"Tidak Digunakan";NULL;"2021-11-11 04:05:50";"2021-11-11 04:05:50"
"437";"215";"UPS";"PSA600-SOHO";"Baik";"EMERSON";"0";"-";"24171407442SH";"IPDS-Ruang Pengolahan";"Operasional";NULL;"2021-11-11 04:05:50";"2021-11-11 04:05:50"
"438";"215";"PC";"Optiplex 3020 Micro";"Baik";"DELL";"0";"-";"HQ7ZY42";"IPDS-Ruang Pegawai";"Operasional";NULL;"2021-11-11 04:05:50";"2021-11-11 04:05:50"
"439";"215";"Printer";"Color LaserJet Managed MFP E7782";"Baik";"HP";"2019";"-";"CNC1L8X896";"IPDS-Ruang Pegawai";"Operasional";NULL;"2021-11-11 04:05:50";"2021-11-11 04:05:50"
"440";"215";"PC";"ThinkCentre M720t";"Baik";"Lenovo";"2019";"3100102001182";"PC18RHN9";"IPDS-Ruang Pengolahan";"Operasional";NULL;"2021-11-11 04:05:50";"2021-11-11 04:05:50"
"441";"215";"PC";"ThinkCentre M720t";"Baik";"Lenovo";"2019";"3100102001192";"PC18RMCY";"IPDS-Ruang Pengolahan";"Operasional";NULL;"2021-11-11 04:05:50";"2021-11-11 04:05:50"
"442";"215";"UPS";"Back-UPS 650";"Baik";"APC";"2019";"-";"9B1928A05769";"IPDS-Ruang Pengolahan";"Operasional";NULL;"2021-11-11 04:05:50";"2021-11-11 04:05:50"
"443";"215";"PC";"Think Centre M720t";"Baik";"LENOVO";"2019";"3100102001184";"PC18RHJZ";"IPDS-Ruang Pengolahan";"Operasional";NULL;"2021-11-11 04:05:50";"2021-11-11 04:05:50"
"444";"215";"PC";"ThinkCentre M720t";"Baik";"Lenovo";"2019";"3100102001175";"PC18RHKB";"IPDS-Ruang Pengolahan";"Operasional";NULL;"2021-11-11 04:05:50";"2021-11-11 04:05:50"
"445";"215";"UPS";"Back-UPS 650";"Baik";"APC";"2019";"-";"9B1928A05739";"IPDS-Ruang Pengolahan";"Operasional";NULL;"2021-11-11 04:05:50";"2021-11-11 04:05:50"
"446";"215";"PC";"Think Centre M720t";"Baik";"LENOVO";"2019";"3100102001186";"PC18RME3";"IPDS-Ruang Pengolahan";"Operasional";NULL;"2021-11-11 04:05:50";"2021-11-11 04:05:50"
"447";"215";"UPS";"Back-UPS 650";"Baik";"APC";"2019";"-";"9B1928A05315";"IPDS-Ruang Pengolahan";"Operasional";NULL;"2021-11-11 04:05:50";"2021-11-11 04:05:50"
"448";"180";"PC";"ThinkCenter M80";"Rusak Ringan";"Lenovo";"2013";"3100102001078";"4NK2F2S";"IPDS-Ruang Pengolahan";"Operasional";NULL;"2021-11-11 04:05:50";"2021-11-11 04:05:50"
"449";"215";"PC";"ProDesk 400 G5 SFF";"Baik";"HP";"2018";"3100102001137";"1CZ831010H";"IPDS-Ruang Pengolahan";"Operasional";NULL;"2021-11-11 04:05:50";"2021-11-11 04:05:50"
"450";"215";"UPS";"Back-UPS 650";"Baik";"APC";"2019";"-";"9B1928A05316";"IPDS-Ruang Pengolahan";"Operasional";NULL;"2021-11-11 04:05:50";"2021-11-11 04:05:50"
"451";"215";"PC";"Optiplex 330";"Rusak Ringan";"DELL";"0";"-";"5BDMT1S";"IPDS-Ruang Pengolahan";"Operasional";NULL;"2021-11-11 04:05:50";"2021-11-11 04:05:50"
"452";"215";"PC";"ProDesk 400 G5 SFF";"Baik";"HP";"2018";"3100102001138";"1CZ83101QB";"IPDS-Ruang Pengolahan";"Operasional";NULL;"2021-11-11 04:05:50";"2021-11-11 04:05:50"
"453";"215";"UPS";"Back-UPS 650";"Baik";"APC";"2019";"-";"9B1935A30337";"IPDS-Ruang Pengolahan";"Operasional";NULL;"2021-11-11 04:05:50";"2021-11-11 04:05:50"
"454";"180";"PC";"Think Centre M80";"Baik";"DELL";"2011";"310010200157";"R87NHAY";"IPDS-Ruang Pengolahan";"Operasional";NULL;"2021-11-11 04:05:50";"2021-11-11 04:05:50"
"455";"215";"UPS";"Back-UPS 650";"Baik";"APC";"2019";"-";"9B1935A26368";"IPDS-Ruang Pengolahan";"Operasional";NULL;"2021-11-11 04:05:50";"2021-11-11 04:05:50"
"456";"215";"Server";"-";"Baik";"AXWAY";"0";"-";"-";"IPDS-Ruang Pengolahan";"Operasional";NULL;"2021-11-11 04:05:50";"2021-11-11 04:05:50"
"457";"215";"PC";"ProDesk 400 G5 SFF";"Baik";"HP";"2018";"3100102001134";"1CZ83100Z8";"IPDS-Ruang Pengolahan";"Operasional";NULL;"2021-11-11 04:05:50";"2021-11-11 04:05:50"
"458";"215";"UPS";"Back-UPS 650";"Baik";"APC";"2019";"-";"9B1938A05766";"IPDS-Ruang Pengolahan";"Operasional";NULL;"2021-11-11 04:05:50";"2021-11-11 04:05:50"
"459";"215";"Server";"Power Edge M520 Blade Server";"Baik";"DELL";"2015";"3100204001006";"-";"IPDS-Ruang Pengolahan";"Operasional";NULL;"2021-11-11 04:05:50";"2021-11-11 04:05:50"
"460";"215";"PC";"OptiPlex 3040";"Rusak Berat";"DELL";"2016";"3100102001102";"1PLR7C2";"IPDS-Ruang Pengolahan";"-";NULL;"2021-11-11 04:05:50";"2021-11-11 04:05:50"
"461";"215";"UPS";"PSA600-SOHO";"Baik";"EMERSON";"0";"-";"24171407093SH";"IPDS-Ruang Pengolahan";"Operasional";NULL;"2021-11-11 04:05:50";"2021-11-11 04:05:50"
"462";"215";"PC";"Optiplex 780";"Rusak Ringan";"DELL";"0";"-";"FGMH32S";"IPDS-Ruang Pengolahan";"Tidak Digunakan";NULL;"2021-11-11 04:05:50";"2021-11-11 04:05:50"
"463";"5";"PC";"Optiplex 780";"Rusak Berat";"DELL";"2010";"054011700428701";"CN-0U417N-64180-9AU-1Z3U";"Umum-Ruang Pegawai Umum";"Operasional";NULL;"2021-11-11 04:05:50";"2021-11-11 04:05:50"
"464";"253";"Headset/Earphone";"Wireless";"Vivan";"Lainnya";"2020";"-";"-";"Statistik Sosial-Ruang Pegawai";"Operasional";NULL;"2021-11-11 04:05:50";"2021-11-11 04:05:50"
"465";"5";"PC";"Think Centre M80";"Baik";"LENOVO";"2010";"-";"R87EVLV";"Umum-Ruang Pegawai Umum";"Operasional";NULL;"2021-11-11 04:05:50";"2021-11-11 04:05:50"
"466";"247";"Printer";"LBP7110CW";"Rusak Ringan";"Canon";"2012";"-";"MNBA008451";"Statistik Produksi-Ruang Pegawai";"Operasional";NULL;"2021-11-11 04:05:50";"2021-11-11 04:05:50"
"467";"247";"Headset/Earphone";"Sport X";"Baik";"Vivan";"2020";"054011700428711000KD.2020";"68831/SDPPI/2020";"Statistik Produksi-Ruang Pegawai";"Operasional";NULL;"2021-11-11 04:05:50";"2021-11-11 04:05:50"
"468";"5";"Laptop";"V330-141KB";"Rusak Ringan";"LENOVO";"2018";"0";"MP1DWK0C";"Umum-Ruang Pegawai Umum";"Operasional";NULL;"2021-11-11 04:05:50";"2021-11-11 04:05:50"
"469";"247";"PC";"Think Centre M80";"Baik";"LENOVO";"2011";"054011700428701.2011";"11S0A47015ZVJ64109X0CV";"Statistik Produksi-Ruang Pegawai";"Operasional";NULL;"2021-11-11 04:05:50";"2021-11-11 04:05:50"
"470";"247";"Printer";"MX537";"Baik";"Canon";"2014";"-";"-";"Statistik Produksi-Ruang Pegawai";"Operasional";NULL;"2021-11-11 04:05:50";"2021-11-11 04:05:50"
"471";"204";"PC";"Optiplex 3040 Micro";"Rusak Ringan";"DELL";"0";"98";"3.10.01.02.001";"Statistik Distribusi-Ruang Pegawai";"Operasional";NULL;"2021-11-11 04:05:50";"2021-11-11 04:05:50"
"472";"5";"Headset/Earphone";"Sport X True Wireless Stereo Earbuds";"Baik";"Vivan";"2020";"054011700428701000KD.2020";"enggelin";"Umum-Ruang Pegawai Umum";"Operasional";NULL;"2021-11-11 04:05:50";"2021-11-11 04:05:50"
"473";"289";"PC";"Asus All In One PC Series";"Baik";"ASUS";"2014";"054011700428701000KD.2014";"E9PTBX003489";"Nerwilis-Ruang Pegawai";"Operasional";NULL;"2021-11-11 04:05:50";"2021-11-11 04:05:50"
"474";"289";"UPS";"PSA600-SOHO";"Rusak Ringan";"Emerson";"2014";"-";"241711400452SH";"Nerwilis-Ruang Pegawai";"Operasional";NULL;"2021-11-11 04:05:50";"2021-11-11 04:05:50"
"475";"206";"PC";"Optiplex 3040 Micro";"Baik";"DELL";"0";"-";"R86ZXNN";"Statistik Distribusi-Ruang Pegawai";"Operasional";NULL;"2021-11-11 04:05:50";"2021-11-11 04:05:50"
"476";"214";"Laptop";"IDEAPAD 3 14ARE05";"Baik";"LENOVO";"2021";"-";"SNPK23KG4M";"IPDS-Pelayanan Statistik Terpadu";"Operasional";NULL;"2021-11-11 04:05:50";"2021-11-11 04:05:50"
"477";"214";"PC";"Think Centre M710t";"Baik";"LENOVO";"2019";"-";"9314949D-32E5-4914-B196-E959101B04C8";"IPDS-Pelayanan Statistik Terpadu";"Operasional";NULL;"2021-11-11 04:05:50";"2021-11-11 04:05:50"
"478";"214";"UPS";"Back-UPS 650";"Rusak Ringan";"APC";"2019";"-";"8X650LI-MS";"IPDS-Pelayanan Statistik Terpadu";"Operasional";NULL;"2021-11-11 04:05:50";"2021-11-11 04:05:50"
"479";"258";"PC";"Optiplex 780";"Rusak Ringan";"DELL";"2009";"-";"CN-0U417N-64180-9AJ-1PBM";"Statistik Produksi-Ruang Pegawai";"Operasional";NULL;"2021-11-11 04:05:50";"2021-11-11 04:05:50"
"480";"182";"Tablet";"M532";"Baik";"Fujitsu";"2013";"3100102008";"B1R3200441";"IPDS-Pelayanan Statistik Terpadu";"Operasional";NULL;"2021-11-11 04:05:50";"2021-11-11 04:05:50"
"481";"182";"UPS";"ELIPSE";"Baik";"EATON";"2010";"000000";"MX850";"IPDS-Pelayanan Statistik Terpadu";"Operasional";NULL;"2021-11-11 04:05:50";"2021-11-11 04:05:50"
"482";"182";"PC";"Think Centre M710t";"Baik";"LENOVO";"2019";"000000000";"PC0XZFT4";"IPDS-Pelayanan Statistik Terpadu";"Operasional";NULL;"2021-11-11 04:05:50";"2021-11-11 04:05:50"
"483";"182";"Printer";"IMAGECLASS LBP 7110CW";"Baik";"CANON";"2017";"000000000";"MNBA008436";"IPDS-Pelayanan Statistik Terpadu";"Operasional";NULL;"2021-11-11 04:05:50";"2021-11-11 04:05:50"
"484";"182";"TV";"LED55UN7300PTC";"Baik";"LG";"2019";"000000";"010INLV0G960";"IPDS-Pelayanan Statistik Terpadu";"Operasional";NULL;"2021-11-11 04:05:50";"2021-11-11 04:05:50"
"485";"182";"PC";"Optiplex 780";"Rusak Ringan";"DELL";"2006";"000000000";"7687-OEM-0011903-00102";"IPDS-Pelayanan Statistik Terpadu";"Operasional";NULL;"2021-11-11 04:05:50";"2021-11-11 04:05:50"
"486";"182";"PC";"Think Centre M80";"Baik";"LENOVO";"2006";"000000000";"R87EXRL";"IPDS-Pelayanan Statistik Terpadu";"Operasional";NULL;"2021-11-11 04:05:50";"2021-11-11 04:05:50"
"487";"182";"UPS";"MAX 850";"Baik";"ELIPSE";"2010";"305020601721";"MX850";"IPDS-Pelayanan Statistik Terpadu";"Operasional";NULL;"2021-11-11 04:05:50";"2021-11-11 04:05:50"
"488";"5";"Laptop";"Probook 440 G5";"Baik";"HP";"2018";"054011700428701000KD.2018";"1MJ83AV";"Umum-Ruang Pegawai Umum";"Operasional";NULL;"2021-11-11 04:05:50";"2021-11-11 04:05:50"
"489";"182";"PC";"Think Centre M710t";"Baik";"LENOVO";"2019";"000000000";"PC0X2FTQ";"IPDS-Pelayanan Statistik Terpadu";"Operasional";NULL;"2021-11-11 04:05:50";"2021-11-11 04:05:50"
"490";"182";"PC";"Optiplex 780";"Rusak Ringan";"DELL";"2006";"000000000";"7687-OEM-0011903-00102";"IPDS-Pelayanan Statistik Terpadu";"Operasional";NULL;"2021-11-11 04:05:50";"2021-11-11 04:05:50"
"491";"245";"PC";"Lenovo All In One PC";"Baik";"LENOVO";"2018";"-";"MP1AEFSR";"Nerwilis-Ruang Pegawai";"Operasional";NULL;"2021-11-11 04:05:50";"2021-11-11 04:05:50"
"492";"245";"Headset/Earphone";"Wireless";"Baik";"Vivan";"2020";"5";"-";"Nerwilis-Ruang Pegawai";"Operasional";NULL;"2021-11-11 04:05:50";"2021-11-11 04:05:50"
"493";"186";"PC";"Think Centre M720t";"Rusak Ringan";"LENOVO";"2011";"57";"00371-OEM-8992671-00437";"Umum-Ruang Pegawai Umum";"Operasional";NULL;"2021-11-11 04:05:50";"2021-11-11 04:05:50"
"494";"5";"Laptop";"Lifebook T Series";"Rusak Ringan";"Fujitsu";"2011";"4";"00426-OEM-8992662-00009";"Umum-Ruang Pegawai Umum";"Operasional";NULL;"2021-11-11 04:05:50";"2021-11-11 04:05:50"
"495";"186";"Headset/Earphone";"Wireless";"Baik";"Vivan";"2020";"8";"Tidak ada";"Umum-Ruang Pegawai Umum";"Operasional";NULL;"2021-11-11 04:05:50";"2021-11-11 04:05:50"
"496";"186";"Printer";"MX537";"Rusak Ringan";"Canon";"2014";"35";"Tidak ada";"Umum-Ruang Pegawai Umum";"Operasional";NULL;"2021-11-11 04:05:50";"2021-11-11 04:05:50"
"497";"219";"PC";"Lenovo All In One PC";"Rusak Ringan";"LENOVO";"2011";"3100102001";"054011700428701";"Umum-Ruang Pegawai Umum";"Perbaikan";NULL;"2021-11-11 04:05:50";"2021-11-11 04:05:50"
"498";"266";"Laptop";"4236-SAD S/N PB-CKVE4 12/04";"Rusak Ringan";"LENOVO";"2013";"0000";"4236SAD";"Umum-Ruang Pegawai Umum";"Operasional";NULL;"2021-11-11 04:05:50";"2021-11-11 04:05:50"
"499";"266";"UPS";"Ellipse MAX 850";"Baik";"Eaton";"2011";"0000";"0000";"Umum-Ruang Pegawai SDM";"Operasional";NULL;"2021-11-11 04:05:50";"2021-11-11 04:05:50"
"500";"219";"Printer";"L 1800";"Baik";"epson";"2021";"97";"310020300397";"Umum-Ruang Pegawai SDM";"Operasional";NULL;"2021-11-11 04:05:50";"2021-11-11 04:05:50"
"501";"219";"PC";"Lenovo All In One PC";"Baik";"LENOVO";"2019";"66";"310010200166";"Umum-Ruang Pegawai SDM";"Operasional";NULL;"2021-11-11 04:05:50";"2021-11-11 04:05:50"
"502";"212";"UPS";"Elipse Max 850";"Rusak Berat";"Eaton";"2010";"3050206017";"-";"Umum-Ruang Sekretaris";"Tidak digunakan";"1655682212_9375fecc0fce09ede5d8.pdf";"2021-11-11 04:05:50";"2021-11-11 04:05:50"
"503";"212";"PC";"Optiplex 780";"Rusak Berat";"DELL";"2010";"3100102001";"-";"Umum-Ruang Sekretaris";"Operasional";NULL;"2021-11-11 04:05:50";"2021-11-11 04:05:50"
"504";"212";"Printer";"MX537";"Baik";"Canon";"2015";"3100203003";"-";"Umum-Ruang Sekretaris";"Operasional";NULL;"2021-11-11 04:05:50";"2021-11-11 04:05:50"
"505";"212";"Printer";"ImageClass LBP7018C";"Baik";"Canon";"2015";"-";"MJLA5003373";"Umum-Ruang Sekretaris";"Operasional";NULL;"2021-11-11 04:05:50";"2021-11-11 04:05:50"
"506";"209";"Printer";"Laser Jet P2055D";"Baik";"HP";"2011";"3100203003";"CNCJ407430";"Statistik Sosial-Ruang Pegawai";"Operasional";NULL;"2021-11-11 04:05:50";"2021-11-11 04:05:50"
"507";"209";"Laptop";"Ideapad V330-14IKB";"Rusak Ringan";"LENOVO";"2018";"-";"MP1DWLYL";"Statistik Sosial-Ruang Pegawai";"Operasional";NULL;"2021-11-11 04:05:50";"2021-11-11 04:05:50"
"508";"209";"Headset/Earphone";"Wireless";"Baik";"Vivan";"2020";"3060102118";"-";"Statistik Sosial-Ruang Pegawai";"Operasional";NULL;"2021-11-11 04:05:50";"2021-11-11 04:05:50"
"509";"209";"PC";"Lenovo All In One PC";"Baik";"LENOVO";"2018";"310010200162";"MP1ARK3P";"Statistik Sosial-Ruang Pegawai";"Operasional";NULL;"2021-11-11 04:05:50";"2021-11-11 04:05:50"
"510";"209";"Printer";"Laser Jet Pro MFP M130a";"Baik";"HP";"2018";"-";"VNFNB03800";"Statistik Sosial-Ruang Pegawai";"Operasional";NULL;"2021-11-11 04:05:50";"2021-11-11 04:05:50"
"511";"209";"PC";"Optiplex 3010 DT";"Baik";"DELL";"2013";"3100102001";"53C2G2S";"Statistik Sosial-Ruang Pegawai";"Operasional";NULL;"2021-11-11 04:05:50";"2021-11-11 04:05:50"
"512";"242";"Headset/Earphone";"bluetooth ver. 05";"Baik";"vivan";"2021";"-";"-";"Umum-Ruang Pegawai PBJ";"Operasional";NULL;"2021-11-11 04:05:50";"2021-11-11 04:05:50"
"513";"242";"PC";"Optiplex 3010 DT";"Rusak Ringan";"DELL";"2020";"-";"7PKZF2S";"Umum-Ruang Pegawai PBJ";"Operasional";NULL;"2021-11-11 04:05:50";"2021-11-11 04:05:50"
"514";"242";"Printer";"Laser Jet Pro MFP M130A";"Baik";"HP";"2020";"-";"VCN7G05699";"Umum-Ruang Pegawai PBJ";"Operasional";NULL;"2021-11-11 04:05:50";"2021-11-11 04:05:50"
"515";"268";"Headset/Earphone";"-";"Baik";"Vivan";"2020";"09";"09";"Umum-Ruang Pegawai Umum";"Operasional";NULL;"2021-11-11 04:05:50";"2021-11-11 04:05:50"
"516";"5";"Laptop";"-";"Baik";"HP 548 G4";"2018";"01";"5CG8482RJ4";"Umum-Ruang Pegawai Umum";"Tidak digunakan";NULL;"2021-11-11 04:05:50";"2021-11-11 04:05:50"
"517";"5";"Headset/Earphone";"SportX";"Baik";"VIVAN";"2020";"45(";"3060102118(lutfi)";"Umum-Ruang Pegawai Umum";"Operasional";NULL;"2021-11-11 04:05:50";"2021-11-11 04:05:50"
"518";"291";"PC";"Think Centre M80";"Baik";"LENOVO";"2011";"61";"VIDZ796";"Statistik Sosial-Ruang Pegawai";"Operasional";NULL;"2021-11-11 04:05:50";"2021-11-11 04:05:50"
"519";"269";"Laptop";"Ideapad V330-14IKB";"Rusak Ringan";"LENOVO";"2018";"-";"MP1DWJZ5";"Statistik Sosial-Ruang Pegawai";"Perbaikan";NULL;"2021-11-11 04:05:50";"2021-11-11 04:05:50"
"520";"201";"PC";"Optiplex 780";"Rusak Ringan";"DELL";"0";"-";"CN-OU417N-64180-9AU-1Z1U";"Statistik Produksi-Ruang Pegawai";"Operasional";NULL;"2021-11-11 04:05:50";"2021-11-11 04:05:50"
"521";"201";"UPS";"Ellipse MAX";"Rusak Berat";"ETN";"2009";"-";"-";"Statistik Produksi-Ruang Pegawai";"Tidak digunakan";NULL;"2021-11-11 04:05:50";"2021-11-11 04:05:50"
"522";"5";"Laptop";"Probook 440 G5";"Baik";"HP";"2017";"054011700428701000KD.2018";"5CD8327X6C";"Umum-Ruang Pegawai Umum";"Operasional";NULL;"2021-11-11 04:05:50";"2021-11-11 04:05:50"
"523";"273";"Printer";"Laser Printer LBP6230dn";"Rusak Berat";"Canon";"2014";"054011700428701000KD.2014";"NCBA103294";"Statistik Distribusi-Ruang Koordinator";"Operasional";NULL;"2021-11-11 04:05:50";"2021-11-11 04:05:50"
"524";"5";"Headset/Earphone";"-";"Baik";"Vivan";"2020";"054011700428701000KD.2020";"3060102118";"Umum-Ruang Pegawai Umum";"Operasional";NULL;"2021-11-11 04:05:50";"2021-11-11 04:05:50"
"525";"5";"Harddisk Eksternal";"HD-PXTiTU2";"Baik";"Buffalo";"2010";"-";"75571105200663";"Umum-Ruang Pegawai Umum";"Operasional";NULL;"2021-11-11 04:05:50";"2021-11-11 04:05:50"
"526";"273";"PC";"Asus All In One PC Series";"Rusak Ringan";"ASUS";"2014";"054011700428701000KD.2014";"E9PTBX003483";"Statistik Distribusi-Ruang Koordinator";"Operasional";NULL;"2021-11-11 04:05:50";"2021-11-11 04:05:50"
"527";"179";"Laptop";"V330-14IKB";"Rusak Ringan";"LENOVO";"2019";"172";"MP1DAQ9R";"Umum-Ruang Pegawai Keuangan";"Operasional";NULL;"2021-11-11 04:05:50";"2021-11-11 04:05:50"
"528";"235";"PC";"Optiplex 3010 DT";"Baik";"DELL";"2013";"054011700428701";"19021624004";"Nerwilis-Ruang Pegawai";"Tidak digunakan";NULL;"2021-11-11 04:05:50";"2021-11-11 04:05:50"
"529";"5";"Laptop";"V330-14KB";"Rusak Ringan";"LENOVO";"2018";"PRC4";"MP1DWLMZ";"Umum-Ruang Pegawai Umum";"Operasional";NULL;"2021-11-11 04:05:50";"2021-11-11 04:05:50"
"530";"235";"Headset/Earphone";"Vivan";"Baik";"Vivan";"2020";"3060102118";"-";"Nerwilis-Ruang Pegawai";"Operasional";NULL;"2021-11-11 04:05:50";"2021-11-11 04:05:50"
"531";"274";"PC";"Azzura Z3VX";"Baik";"Alcatroz";"2019";"-";"50D16197-84D6-4156-91A0-0794EDD8FACE";"IPDS-Pelayanan Statistik Terpadu";"Operasional";NULL;"2021-11-11 04:05:50";"2021-11-11 04:05:50"
"532";"5";"Printer";"DocuPrintC3055";"Rusak Berat";"Fuji Xerox";"2011";"3100102003";"059K46569-32P";"IPDS-Pelayanan Statistik Terpadu";"Tidak digunakan";NULL;"2021-11-11 04:05:50";"2021-11-11 04:05:50"
"533";"274";"UPS";"Back-UPS 650";"Rusak Berat";"APC";"2019";"3050206017";"BX650LI-MS";"IPDS-Ruang Koordinator";"Operasional";"1655682557_f9dbc16fe8cbf469caa2.pdf";"2021-11-11 04:05:50";"2021-11-11 04:05:50"
"534";"276";"PC";"Prodesk 41 G5 SFF";"Baik";"HP";"2018";"3100102001144";"1CZ83101DM";"IPDS-Ruang Pegawai";"Operasional";NULL;"2021-11-11 04:05:50";"2021-11-11 04:05:50"
"535";"5";"Laptop";"Vivobook A442U";"Rusak Ringan";"ASUS";"2018";"-";"-";"Umum-Ruang Pegawai Umum";"Operasional";NULL;"2021-11-11 04:05:50";"2021-11-11 04:05:50"
"536";"276";"UPS";"Ellipse Max 850";"Baik";"EATON";"2016";"-";"ADJK51031";"IPDS-Ruang Pegawai";"Operasional";NULL;"2021-11-11 04:05:50";"2021-11-11 04:05:50"
"537";"5";"Laptop";"V330-14IKB";"Rusak Ringan";"LENOVO";"2018";"-";"MP1DWLZ4";"Umum-Ruang Pegawai Umum";"Operasional";NULL;"2021-11-11 04:05:50";"2021-11-11 04:05:50"
"538";"185";"PC";"Lenovo All In One PC";"Baik";"LENOVO";"2015";"-";"-";"Statistik Distribusi-Ruang Pegawai";"Operasional";NULL;"2021-11-11 04:05:50";"2021-11-11 04:05:50"
"539";"185";"Printer";"Imageclass LBP7110cw";"Baik";"Canon";"2014";"-";"-";"Statistik Distribusi-Ruang Pegawai";"Operasional";NULL;"2021-11-11 04:05:50";"2021-11-11 04:05:50"
"540";"185";"Printer";"L5190 series";"Baik";"Epson";"2020";"-";"-";"Statistik Distribusi-Ruang Pegawai";"Operasional";NULL;"2021-11-11 04:05:50";"2021-11-11 04:05:50"
"541";"190";"Headset/Earphone";"sport X";"Baik";"Viva Audio";"2020";"-";"-";"Nerwilis-Ruang Koordinator";"Operasional";NULL;"2021-11-11 04:05:50";"2021-11-11 04:05:50"
"542";"5";"Laptop";"Probook 440 G5";"Baik";"HP";"2018";"054011700428701000KD";"SCD8327X91";"Umum-Ruang Pegawai Umum";"Operasional";NULL;"2021-11-11 04:05:50";"2021-11-11 04:05:50"
"543";"190";"PC";"Lenovo All In One PC";"Baik";"LENOVO";"2018";"-";"MP1ARP3K";"Nerwilis-Ruang Koordinator";"Operasional";NULL;"2021-11-11 04:05:50";"2021-11-11 04:05:50"
"544";"190";"Tablet";"ultrabook";"Rusak Ringan";"ACER";"2015";"-";"-";"Nerwilis-Ruang Koordinator";"Operasional";NULL;"2021-11-11 04:05:50";"2021-11-11 04:05:50"
"545";"190";"UPS";"650";"Baik";"APC";"2018";"-";"-";"Nerwilis-Ruang Koordinator";"Operasional";NULL;"2021-11-11 04:05:50";"2021-11-11 04:05:50"
"546";"5";"Monitor";"-";"Rusak Ringan";"Dell";"2010";"3001020001";"-";"Umum-Ruang Pegawai Umum";"Operasional";NULL;"2021-11-11 04:05:50";"2021-11-11 04:05:50"
"547";"246";"PC";"Optiplex 780";"Rusak Ringan";"DELL";"2011";"3100102001";"29LG32S";"Statistik Distribusi-Ruang Pegawai";"Operasional";NULL;"2021-11-11 04:05:50";"2021-11-11 04:05:50"
"548";"269";"PC";"Optiplex 780";"Baik";"DELL";"2010";"3100102001";"4SLH32S";"Statistik Sosial-Ruang Pegawai";"Operasional";NULL;"2021-11-11 04:05:50";"2021-11-11 04:05:50"
"549";"275";"UPS";"NV 600H";"Baik";"EATON";"2011";"305020601754";"439701178";"IPDS-Ruang Pegawai";"Operasional";NULL;"2021-11-11 04:05:50";"2021-11-11 04:05:50"
"550";"275";"PC";"Optiplex 3020 micro";"Baik";"DELL";"2015";"310010200195";"HQ7ZY42";"IPDS-Ruang Pegawai";"Operasional";NULL;"2021-11-11 04:05:50";"2021-11-11 04:05:50"
"551";"218";"PC";"Optiplex 3010 DT";"Baik";"DELL";"0";"75";"3100102001";"Umum-Ruang Pegawai SDM";"Operasional";NULL;"2021-11-11 04:05:50";"2021-11-11 04:05:50"
"552";"238";"Laptop";"Vivo Book";"Baik";"ASUS";"2020";"83";"L9N0CV21N90940E";"Umum-Ruang Pegawai Umum";"Operasional";NULL;"2021-11-11 04:05:50";"2021-11-11 04:05:50"
"553";"238";"Headset/Earphone";"Wireless";"Baik";"Vivan";"2020";"15";"-";"Umum-Ruang Pegawai Umum";"Operasional";NULL;"2021-11-11 04:05:50";"2021-11-11 04:05:50"
"554";"191";"Headset/Earphone";"Vivan";"Baik";"Vivan";"2020";"6";"0";"Nerwilis-Ruang Pegawai";"Operasional";NULL;"2021-11-11 04:05:50";"2021-11-11 04:05:50"
"555";"191";"PC";"Optiplex 780";"Baik";"DELL";"2010";"27";"1SLH32S";"Nerwilis-Ruang Pegawai";"Operasional";NULL;"2021-11-11 04:05:50";"2021-11-11 04:05:50"
"556";"5";"Laptop";"V330-141KB";"Baik";"LENOVO";"2018";"0";"MP1DWK0P";"Umum-Ruang Pegawai Umum";"Operasional";NULL;"2021-11-11 04:05:50";"2021-11-11 04:05:50"
"557";"191";"UPS";"Max 850";"Baik";"Ellipse";"2010";"25";"0";"Nerwilis-Ruang Pegawai";"Operasional";NULL;"2021-11-11 04:05:50";"2021-11-11 04:05:50"
"558";"241";"UPS";"Ellipse Max 850";"Baik";"EATON";"2014";"-";"ADJK51037";"Umum-Ruang Pegawai Perencanaan";"Operasional";NULL;"2021-11-11 04:05:50";"2021-11-11 04:05:50"
"559";"5";"PC";"Prodesk 41 G5 SFF";"Baik";"HP";"2018";"-";"1CZ83101FJ";"Umum-Ruang Pegawai Umum";"Operasional";NULL;"2021-11-11 04:05:50";"2021-11-11 04:05:50"
"560";"241";"Printer";"WF-7711";"Baik";"EPSON";"0";"054011700428701000KD.2020";"X45X007630";"Umum-Ruang Pegawai Perencanaan";"Operasional";NULL;"2021-11-11 04:05:50";"2021-11-11 04:05:50"
"561";"243";"Printer";"Laser Jet P 2055D";"Rusak Ringan";"HP";"0";"310020300325";"CNCJ407273";"Statistik Distribusi-Ruang Pegawai";"Operasional";NULL;"2021-11-11 04:05:50";"2021-11-11 04:05:50"
"562";"243";"Headset/Earphone";"WIRELESS";"Baik";"VIVAN";"0";"306010211854";"-";"Statistik Distribusi-Ruang Pegawai";"Operasional";NULL;"2021-11-11 04:05:50";"2021-11-11 04:05:50"
"563";"243";"Laptop";"TravelMate Spin P4";"Baik";"ACER";"2021";"-";"NXVP4SN003142019F72N00";"Statistik Distribusi-Ruang Pegawai";"Operasional";NULL;"2021-11-11 04:05:50";"2021-11-11 04:05:50"
"564";"243";"PC";"Lenovo All In One PC";"Baik";"LENOVO";"2019";"-";"MP1ARH3T";"Statistik Distribusi-Ruang Pegawai";"Operasional";NULL;"2021-11-11 04:05:50";"2021-11-11 04:05:50"
"565";"5";"Laptop";"V330 14ikB";"Baik";"LENOVO";"0";"-";"MP1DWM0V";"Umum-Ruang Pegawai Umum";"Operasional";NULL;"2021-11-11 04:05:50";"2021-11-11 04:05:50"
"566";"187";"Harddisk Eksternal";"1 TB";"Baik";"Buffalo";"0";"054011700428701";"-";"Umum-Ruang Pegawai PBJ";"Operasional";NULL;"2021-11-11 04:05:50";"2021-11-11 04:05:50"
"567";"187";"PC";"Optiplex 3010 DT";"Baik";"DELL";"2015";"-";"95KZF2S";"Umum-Ruang Pegawai PBJ";"Operasional";NULL;"2021-11-11 04:05:50";"2021-11-11 04:05:50"
"568";"187";"Printer";"WF-7711";"Baik";"Epson";"2020";"-";"X45X007683";"Umum-Ruang Pegawai PBJ";"Operasional";NULL;"2021-11-11 04:05:50";"2021-11-11 04:05:50"
"569";"187";"Headset/Earphone";"hitam";"Baik";"Vivan";"2020";"3060102118";"-";"Umum-Ruang Pegawai PBJ";"Operasional";NULL;"2021-11-11 04:05:50";"2021-11-11 04:05:50"
"570";"5";"Laptop";"V330-14IKB";"Rusak Ringan";"LENOVO";"2018";"-";"MP1DWKKW";"Umum-Ruang Pegawai Umum";"Operasional";NULL;"2021-11-11 04:05:50";"2021-11-11 04:05:50"
"571";"5";"UPS";"ELLIPSE MAX 850";"Rusak Berat";"MGE";"0";"-";"ADJ71102P";"Umum-Ruang Pegawai Umum";"Operasional";"1655682272_be1b151907a19d60e67c.pdf";"2021-11-11 04:05:50";"2021-11-11 04:05:50"
"572";"5";"Headset/Earphone";"Sport x";"Baik";"Vivan";"2020";"11";"-";"Umum-Ruang Pegawai Umum";"Operasional";NULL;"2021-11-11 04:05:50";"2021-11-11 04:05:50"
"573";"267";"PC";"Optiplex 3010 DT";"Baik";"DELL";"2013";"-";"CFKZF2S";"Umum-Ruang Pegawai Keuangan";"Operasional";NULL;"2021-11-11 04:05:50";"2021-11-11 04:05:50"
"574";"236";"Laptop";"Probook 440 G5";"Baik";"HP";"2018";"3100102002159";"SCD8327X93";"IPDS-Ruang Koordinator";"Operasional";NULL;"2021-11-11 04:05:50";"2021-11-11 04:05:50"
"575";"236";"PC";"Asus All In One PC Series";"Baik";"ASUS";"2014";"3100102001091";"E9PTBX003513";"IPDS-Ruang Koordinator";"Operasional";NULL;"2021-11-11 04:05:50";"2021-11-11 04:05:50"
"576";"236";"Laptop";"Aspire P3";"Baik";"ACER";"2017";"3100102002153";"-";"IPDS-Ruang Koordinator";"Operasional";NULL;"2021-11-11 04:05:50";"2021-11-11 04:05:50"
"577";"236";"Printer";"Laser Printer LBP6230dn";"Rusak Ringan";"CANON";"2018";"3100203003031";"NCBA103291";"IPDS-Ruang Koordinator";"Operasional";NULL;"2021-11-11 04:05:50";"2021-11-11 04:05:50"
"578";"236";"Headset/Earphone";"Wireless";"Baik";"VIVAN";"2020";"3060102118050";"-";"IPDS-Ruang Koordinator";"Operasional";NULL;"2021-11-11 04:05:50";"2021-11-11 04:05:50"
"579";"5";"Laptop";"Aspire P3";"Rusak Ringan";"Acer";"0";"000";"000";"Umum-Ruang Pegawai Umum";"Operasional";NULL;"2021-11-11 04:05:50";"2021-11-11 04:05:50"
"580";"193";"PC";"Think Centre M80";"Rusak Ringan";"LENOVO";"2018";"000";"000";"Statistik Sosial-Ruang Pegawai";"Operasional";NULL;"2021-11-11 04:05:50";"2021-11-11 04:05:50"
"581";"257";"Printer";"LBP630";"Baik";"CANON";"2018";"-";"-";"Nerwilis-Ruang Pegawai";"Operasional";NULL;"2021-11-11 04:05:50";"2021-11-11 04:05:50"
"582";"219";"Printer";"P2055D";"Rusak Ringan";"HP Laserjet";"2011";"3100203003";"054011700428701";"Umum-Ruang Pegawai SDM";"Operasional";NULL;"2021-11-11 04:05:50";"2021-11-11 04:05:50"
"583";"219";"UPS";"NV 600 H";"Baik";"Eaton";"2011";"3050206017";"054011700428701000KD.2011";"Umum-Ruang Pegawai SDM";"Operasional";NULL;"2021-11-11 04:05:50";"2021-11-11 04:05:50"
"584";"219";"Scanner";"fi-7260";"Baik";"Fujitsu";"2011";"000";"000";"Umum-Ruang Pegawai SDM";"Operasional";NULL;"2021-11-11 04:05:50";"2021-11-11 04:05:50"
"585";"219";"PC";"Think Centre M710t";"Baik";"LENOVO";"2011";"3100102001";"054011700428701";"Umum-Ruang Pegawai SDM";"Operasional";NULL;"2021-11-11 04:05:50";"2021-11-11 04:05:50"
"586";"5";"Laptop";"Thinkpad 4236-sad";"Rusak Berat";"LENOVO";"2010";"000";"000";"Umum-Ruang Pegawai Umum";"Operasional";NULL;"2021-11-11 04:05:50";"2021-11-11 04:05:50"
"587";"219";"UPS";"000";"Baik";"ICA";"2015";"3050206017";"054011700428701000KD.2015";"Umum-Ruang Pegawai SDM";"Operasional";NULL;"2021-11-11 04:05:50";"2021-11-11 04:05:50"
"588";"199";"PC";"Optiplex 3040 Micro";"Rusak Ringan";"DELL";"2016";"3.10.01.02.001.105";"CN-OVCX8C-72872-621-CT1L-AOO";"Statistik Produksi-Ruang Pegawai";"Operasional";NULL;"2021-11-11 04:05:50";"2021-11-11 04:05:50"
"589";"199";"Headset/Earphone";"Sport X";"Baik";"Vivan";"2020";"3060102118";"-";"Statistik Produksi-Ruang Pegawai";"Operasional";NULL;"2021-11-11 04:05:50";"2021-11-11 04:05:50"
"590";"199";"Harddisk Eksternal";"BUF-HD-HC500U2";"Rusak Ringan";"Buffalo";"2011";"3100203007-32";"45581080748684";"Statistik Produksi-Ruang Pegawai";"Operasional";NULL;"2021-11-11 04:05:50";"2021-11-11 04:05:50"
"591";"5";"Laptop";"Ideapad V330-14IKB";"Baik";"LENOVO";"2018";"-";"MP1DWLXS";"Umum-Ruang Pegawai Umum";"Operasional";NULL;"2021-11-11 04:05:50";"2021-11-11 04:05:50"
"592";"5";"PC";"Optiplex 3040 Micro";"Baik";"DELL";"2016";"3.10.01.02.001";"44906449506";"Umum-Ruang Pegawai Umum";"Operasional";NULL;"2021-11-11 04:05:50";"2021-11-11 04:05:50"
"593";"5";"Laptop";"LIFEBOOK T SERIES";"Rusak Berat";"Fujitsu";"2009";"-";"FPCO1187DK";"Umum-Ruang Pegawai Umum";"Tidak digunakan";NULL;"2021-11-11 04:05:50";"2021-11-11 04:05:50"
"594";"234";"PC";"Optiplex 780";"Rusak Ringan";"DELL";"2011";"71542-1-02";"91BH325 19670780116";"Statistik Distribusi-Ruang Pegawai";"Operasional";NULL;"2021-11-11 04:05:50";"2021-11-11 04:05:50"
"595";"262";"PC";"Lenovo All In One PC";"Rusak Ringan";"LENOVO";"2021";"3100102001";"MP1ARP3T";"Umum-Ruang Pegawai Keuangan";"Operasional";NULL;"2021-11-11 04:05:50";"2021-11-11 04:05:50"
"596";"5";"Laptop";"Vivo Book 14";"Baik";"ASUS";"2021";"3100102003";"L9N0CV21N92540C";"Umum-Ruang Pegawai Umum";"Operasional";NULL;"2021-11-11 04:05:50";"2021-11-11 04:05:50"
"597";"5";"PC";"Optiplex 3020 Micro";"Rusak Ringan";"DELL";"0";"-";"00330-80000-00000-AA617";"Umum-Ruang Pegawai Umum";"Operasional";NULL;"2021-11-11 04:05:50";"2021-11-11 04:05:50"
"598";"239";"Laptop";"HP 348 G8";"Rusak Ringan";"HP";"2019";"-";"5C68482RJL";"Umum-Ruang Pegawai Keuangan";"Operasional";NULL;"2021-11-11 04:05:50";"2021-11-11 04:05:50"
"599";"5";"UPS";"Vektor Ablerex";"Rusak Ringan";"Vesta 625";"2017";"-";"MA 311041970";"Umum-Ruang Pegawai Umum";"Operasional";NULL;"2021-11-11 04:05:50";"2021-11-11 04:05:50"
"600";"239";"Harddisk Eksternal";"BUF-HD-PX500U2(B)";"Rusak Ringan";"Buffalo";"2011";"-";"75570705124959";"Umum-Ruang Pegawai Keuangan";"Operasional";NULL;"2021-11-11 04:05:50";"2021-11-11 04:05:50"
"601";"260";"Laptop";"ROG GL503G";"Baik";"ASUS";"2018";"-";"J9NRCX04B30640D";"IPDS-Ruang Pegawai";"Operasional";NULL;"2021-11-11 04:05:50";"2021-11-11 04:05:50"
"602";"260";"UPS";"PSA600-SOHO";"Rusak Berat";"EMERSON";"2018";"-";"241711407444SH";"IPDS-Ruang Pegawai";"Operasional";NULL;"2021-11-11 04:05:50";"2021-11-11 04:05:50"
"603";"260";"PC";"Prodesk 41 G5 SFF";"Baik";"HP";"2018";"-";"1CZ83101P0";"IPDS-Ruang Pegawai";"Operasional";NULL;"2021-11-11 04:05:50";"2021-11-11 04:05:50"
"604";"254";"PC";"Optiplex 780";"Baik";"DELL";"2013";"-";"C5BH32S";"Umum-Ruang Sekretaris";"Tidak digunakan";NULL;"2021-11-11 04:05:50";"2021-11-11 04:05:50"
"605";"254";"UPS";"NV 600H";"Baik";"Eaton";"2013";"-";"439900577";"Umum-Ruang Sekretaris";"Tidak digunakan";NULL;"2021-11-11 04:05:50";"2021-11-11 04:05:50"
"606";"241";"Laptop";"ROG Zephyrus G14";"Baik";"ASUS";"2020";"-";"L7NRKD00444030G";"Umum-Ruang Pegawai Perencanaan";"Operasional";NULL;"2021-12-03 05:14:11";"2021-12-03 05:14:11"
"607";"259";"PC";"Optiplex 3040 Micro";"Baik";"DELL";"2016";"3100102001";"CN-OVCX8C-72872-621-A1DL-AOO";"Statistik Produksi-Ruang Pegawai";"Operasional";NULL;"2021-12-03 05:57:52";"2021-12-03 05:57:52"
"608";"5";"Laptop";"Hibrid P3";"Baik";"Acer";"2014";"3100102002150";"5cd8327x7x";"Umum-Ruang Pegawai Umum";"Operasional";NULL;"2021-12-06 11:25:36";"2021-12-06 11:25:36"
"609";"290";"PC";"F0D4";"Baik";"LENOVO";"2018";"3100102001157";"MP1AEA4K";"Statistik Produksi-Ruang Pegawai";"Operasional";NULL;"2021-12-07 00:42:55";"2021-12-07 00:42:55"
"610";"5";"Headset/Earphone";"Lainnya";"Baik";"Advance";"2021";"-";"DWIR4H4RJO";"Umum-Ruang Pegawai Umum";"Operasional";NULL;"2021-12-07 00:45:00";"2021-12-07 00:45:00"
"611";"259";"Printer";"MFP M 130a";"Baik";"HP Laser Jet ";"2018";"310020300385";"VNCNJ05546";"Statistik Produksi-Ruang Pegawai";"Operasional";NULL;"2021-12-07 00:46:53";"2021-12-07 00:46:53"
"612";"290";"Printer";"P 2055D";"Baik";"HP Laser Jet P2055d";"2011";"310020300311";"CNCJ407272";"Statistik Produksi-Ruang Pegawai";"Operasional";NULL;"2021-12-07 00:48:49";"2021-12-07 00:48:49"
"613";"198";"PC";"Think Centre M80";"Baik";"LENOVO";"2011";"310010200164";"v1dy976";"Statistik Produksi-Ruang Pegawai";"Tidak digunakan";NULL;"2021-12-07 01:21:26";"2021-12-07 01:21:26"
"614";"198";"Headset/Earphone";"Lainnya";"Baik";"Advance";"2021";"-";"-";"Statistik Produksi-Ruang Pegawai";"Operasional";NULL;"2021-12-07 01:22:01";"2021-12-07 01:22:01"
"615";"197";"PC";"Asus All In One PC Series";"Baik";"ASUS";"2014";"-";"-";"Statistik Produksi-Ruang Koordinator";"Operasional";NULL;"2021-12-07 01:23:03";"2021-12-07 01:23:03"
"616";"197";"Printer";"lbp6230dn";"Baik";"canon";"2014";"-";"-";"Statistik Sosial-Ruang Koordinator";"Operasional";NULL;"2021-12-07 01:24:08";"2021-12-07 01:24:08"
"617";"197";"UPS";"bx650li-ms";"Baik";"apc";"2015";"-";"-";"Statistik Produksi-Ruang Koordinator";"Operasional";NULL;"2021-12-07 01:30:36";"2021-12-07 01:30:36"
"618";"198";"UPS";"ELLIPSE MAX 850";"Baik";"MGE";"2008";"305020601718";"-";"Statistik Produksi-Ruang Pegawai";"Operasional";NULL;"2021-12-07 01:30:41";"2021-12-07 01:30:41"
"619";"199";"UPS";"Eaton NV 600";"Baik";"ETN";"2010";"305020601743";"439901210";"Statistik Produksi-Ruang Pegawai";"Operasional";NULL;"2021-12-07 01:31:20";"2021-12-07 01:31:20"
"620";"198";"Printer";"L6170";"Baik";"EPSON";"2021";"-";"-";"Statistik Produksi-Ruang Pegawai";"Operasional";NULL;"2021-12-07 01:34:36";"2021-12-07 01:34:36"
"621";"199";"Scanner";"Scanner Portabel Dokumen Warna WF-ES60W J421A 5V ";"Baik";"Epson";"2021";"-";"X5RH000591";"Statistik Produksi-Ruang Pegawai";"Operasional";NULL;"2021-12-07 01:41:27";"2021-12-07 01:41:27"
"622";"5";"PC";"IDEAPAD V330-14IKB";"Baik";"LENOVO";"2018";"-";"-";"Umum-Ruang Pegawai Umum";"Operasional";NULL;"2021-12-07 01:45:08";"2021-12-07 01:45:08"
"623";"207";"PC";"Lenovo All In One PC";"Baik";"LENOVO";"2018";"-";"mp1arp36";"Statistik Sosial-Ruang Pegawai";"Operasional";NULL;"2021-12-07 01:49:24";"2021-12-07 01:49:24"
"624";"207";"Printer";"l5190";"Baik";"epson";"2020";"-";"-";"Statistik Produksi-Ruang Pegawai";"Operasional";NULL;"2021-12-07 01:50:17";"2021-12-07 01:50:17"
"625";"207";"Headset/Earphone";"-";"Baik";"Advan";"2021";"-";"-";"Statistik Produksi-Ruang Pegawai";"Operasional";NULL;"2021-12-07 01:50:52";"2021-12-07 01:50:52"
"626";"257";"PC";"Optiplex 3020 Micro";"Baik";"DELL";"2015";"3100102001";"NCBA103297";"Nerwilis-Ruang Pegawai";"Operasional";NULL;"2021-12-07 04:00:09";"2021-12-07 04:00:09"
"627";"274";"Laptop";"ThinkPad T14 Gen 1";"Baik";"LENOVO";"2021";"-";"PF-2J7TWH";"IPDS-Ruang Koordinator";"Operasional";NULL;"2021-12-08 01:05:02";"2021-12-08 01:05:02"
"628";"5";"Printer";"L6170";"Baik";"EPSON";"2021";"-";"X4EZ01394";"IPDS-Ruang Koordinator";"Operasional";NULL;"2021-12-08 01:07:54";"2021-12-08 01:07:54"
"629";"275";"Laptop";"TravelMate Spin P4";"Baik";"ACER";"2021";"1";"NXP";"IPDS-Ruang Pegawai";"Operasional";NULL;"2021-12-21 05:05:17";"2021-12-21 05:05:17"
"630";"182";"Laptop";"TravelMate Spin P4";"Baik";"ACER";"2021";"000000";"142006658223";"IPDS-Pelayanan Statistik Terpadu";"Operasional";NULL;"2021-12-21 06:13:30";"2021-12-21 06:13:30"
"631";"190";"Laptop";"TravelMate Spin P4";"Baik";"ACER";"2021";"belum ada";"NXVP4SN00314201A172N00";"Nerwilis-Ruang Pegawai";"Operasional";NULL;"2021-12-21 06:17:07";"2021-12-21 06:17:07"
"632";"272";"Laptop";"probook 440 GS";"Baik";"Hp Probook 440 Gs";"2018";"IMJ83AV";"054011700428701000KD-2018";"IPDS-Pelayanan Statistik Terpadu";"Operasional";NULL;"2021-12-21 06:18:07";"2021-12-21 06:18:07"
"633";"261";"Laptop";"Probook 440 G5";"Rusak Ringan";"HP";"2018";"158";"5CD8327C60";"Umum-Ruang Pegawai Umum";"Operasional";NULL;"2021-12-21 06:48:20";"2021-12-21 06:48:20"
"634";"209";"Laptop";"TravelMate Spin P4";"Baik";"ACER";"2021";"-";"NXVP4SN003142019F82N00";"Statistik Sosial-Ruang Pegawai";"Operasional";NULL;"2021-12-21 07:05:13";"2021-12-21 07:05:13"
"635";"5";"Laptop";"TravelMate Spin P4";"Baik";"ACER";"2021";"-";"NXVP4SN00314201AOE2N00 (dwi)";"Umum-Ruang Pegawai Umum";"Operasional";NULL;"2021-12-21 07:05:21";"2021-12-21 07:05:21"
"636";"276";"Laptop";"TravelMate Spin P4";"Baik";"ACER";"2021";"-";"NXVP4SN00314201A002N00";"IPDS-Ruang Pegawai";"Operasional";NULL;"2021-12-21 07:10:15";"2021-12-21 07:10:15"
"637";"210";"Laptop";"V330-14IKB";"Baik";"LENOVO";"2018";"167";"MP1DWLZD";"Statistik Sosial-Ruang Pegawai";"Operasional";NULL;"2021-12-21 07:37:23";"2021-12-21 07:37:23"
"638";"254";"Laptop";"TravelMate Spin P4";"Baik";"ACER";"2021";"-";"NXVP4SN003142019F32N00";"Statistik Sosial-Ruang Pegawai";"Operasional";NULL;"2021-12-21 09:22:15";"2021-12-21 09:22:15"
"639";"251";"Laptop";"TravelMate Spin P4";"Baik";"ACER";"2021";"000";"N20H4";"Umum-Ruang Kepala Bagian";"Operasional";NULL;"2021-12-21 23:35:41";"2021-12-21 23:35:41"
"640";"235";"laptop";"TravelMate Spin P4";"Baik";"Acer";"2021";"-";"NXVP4SN00314201A0A2N00";"Nerwilis-Ruang Pegawai";"Operasional";NULL;"2021-12-22 00:28:40";"2021-12-22 00:28:40"
"641";"246";"PC";"TravelMate Spin P4";"Baik";"ACER";"2021";"-";"NXPV4SN00314201A102N00";"IPDS-Ruang Koordinator";"Operasional";NULL;"2021-12-22 01:36:29";"2021-12-22 01:36:29"
"642";"202";"Laptop";"TravelMate Spin P4";"Baik";"ACER";"2021";"0";"NXVP4SN003142019C52N00";"Statistik Distribusi-Ruang Pegawai";"Operasional";NULL;"2021-12-22 02:22:09";"2021-12-22 02:22:09"
"643";"283";"Laptop";"TravelMate Spin P4";"Baik";"ACER";"2021";"20";"14200674223";"Statistik Distribusi-Ruang Pegawai";"Operasional";NULL;"2021-12-22 07:45:10";"2021-12-22 07:45:10"
"644";"5";"Laptop";"TravelMate Spin P4";"Baik";"ACER";"2021";"-";"-";"Umum-Ruang Pegawai Umum";"Operasional";NULL;"2021-12-22 07:55:34";"2021-12-22 07:55:34"
"645";"253";"Laptop";"TravelMate Spin P4";"Baik";"Acer ";"2021";"-";"NXVP4SN003142019B92N00";"Statistik Sosial-Ruang Pegawai";"Operasional";NULL;"2021-12-23 01:25:45";"2021-12-23 01:25:45"
"646";"193";"Laptop";"ThinkPad T14 Gen 1";"Baik";"LENOVO";"2021";"-";"PF-2J7X1E";"Statistik Sosial-Ruang Pegawai";"Operasional";NULL;"2021-12-23 01:35:03";"2021-12-23 01:35:03"
"647";"250";"Laptop";"TravelMate Spin P4";"Baik";"ACER";"2021";"-";"NXVP4SN003142019E32N00";"Nerwilis-Ruang Pegawai";"Operasional";NULL;"2021-12-23 02:27:10";"2021-12-23 02:27:10"
"648";"196";"Laptop";"V330";"Rusak Ringan";"LENOVO";"2018";"0540117004287001000KD.2018";"3100102002";"Nerwilis-Ruang Pegawai";"Operasional";NULL;"2021-12-23 03:15:26";"2021-12-23 03:15:26"
"649";"199";"Laptop";"TravelMate Spin P4";"Baik";"ACER";"2021";"-";"NXVP4SN003142019D52N00";"Statistik Produksi-Ruang Pegawai";"Operasional";NULL;"2021-12-23 03:35:41";"2021-12-23 03:35:41"
"650";"5";"Laptop";"TravelMate P model N20H4";"Baik";"ACER";"2021";"-";"NXVP4SN003142019D52N00";"Umum-Ruang Pegawai Umum";"Operasional";NULL;"2021-12-23 03:35:42";"2021-12-23 03:35:42"
"651";"5";"Laptop";"TravelMate P model N20H4";"Baik";"ACER";"2021";"-";"NXVP4SN003142019D52N00";"Umum-Ruang Pegawai Umum";"Operasional";NULL;"2021-12-23 03:35:51";"2021-12-23 03:35:51"
"652";"206";"Laptop";"Lenovo V330-141KB";"Baik";"LENOVO";"2000";"-";"MP2DWMOB";"Statistik Distribusi-Ruang Pegawai";"Operasional";NULL;"2021-12-23 04:19:02";"2021-12-23 04:19:02"
"653";"205";"Laptop";"Lenovo V330-141KB";"Baik";"Lenovo";"2000";"-";"MP1DWMOB";"Statistik Distribusi-Ruang Pegawai";"Operasional";NULL;"2021-12-23 04:19:21";"2021-12-23 04:19:21"
"654";"215";"Laptop";"TravelMate Spin P4";"Baik";"ACER";"2021";"-";"NXVP4SN003142019CF2N00";"IPDS-Ruang Pegawai";"Operasional";NULL;"2021-12-23 08:49:54";"2021-12-23 08:49:54"
"655";"5";"Laptop";"TravelMate Spin P4";"Baik";"ACER";"2021";"-";"NXVP4SN003142019F22N00";"Umum-Ruang Pegawai Umum";"Operasional";NULL;"2021-12-23 08:52:30";"2021-12-23 08:52:30"
"659";"256";"Laptop";"Lenovo V330";"Baik";"LENOVO";"2018";"3100102002";"MP1DALSH";"Umum-Ruang Pegawai Perencanaan";"Operasional";NULL;"2021-12-23 08:55:07";"2021-12-23 08:55:07"
"660";"256";"Mouse";"M170";"Baik";"Logitech";"2021";"0";"2053LZD0JT99";"Umum-Ruang Pegawai Perencanaan";"Operasional";NULL;"2021-12-23 08:58:14";"2021-12-23 08:58:14"
"661";"267";"Laptop";"TravelMate Spin P4";"Baik";"ACER";"2021";"-";"NXVP4SN003142019C82N00";"Umum-Ruang Pegawai Keuangan";"Operasional";NULL;"2021-12-23 08:58:16";"2021-12-23 08:58:16"
"662";"191";"Laptop";"TravelMate Spin P4";"Baik";"ACER";"2021";"0";"NXVP4SN003142019D82N00";"Nerwilis-Ruang Pegawai";"Operasional";NULL;"2021-12-23 09:02:08";"2021-12-23 09:02:08"
"663";"197";"Laptop";"TravelMate Spin P4";"Baik";"ACER";"2021";"-";"NXVP4SN003142019DFN00";"Statistik Produksi-Ruang Koordinator";"Operasional";NULL;"2021-12-23 09:40:35";"2021-12-23 09:40:35"
"664";"247";"Laptop";"TravelMate Spin P4";"Baik";"ACER";"2021";"-";"NXVP4SN003142019DA2N00";"Statistik Produksi-Ruang Pegawai";"Operasional";NULL;"2021-12-23 10:05:29";"2021-12-23 10:05:29"
"665";"198";"Laptop";"TravelMate Spin P4";"Baik";"ACER";"2021";"-";"NXVP4SN003142019BF2N00";"Statistik Produksi-Ruang Pegawai";"Operasional";NULL;"2021-12-23 12:27:01";"2021-12-23 12:27:01"
"666";"212";"Laptop";"TravelMate Spin P4";"Baik";"ACER";"2021";"-";"NXVP4SN003142019D12N00";"Umum-Ruang Sekretaris";"Operasional";NULL;"2021-12-23 12:35:24";"2021-12-23 12:35:24"
"667";"234";"Laptop";"TravelMate Spin P4";"Baik";"ACER";"2021";"-";"NXVP4SN003142019DC2N00";"Statistik Distribusi-Ruang Koordinator";"Operasional";NULL;"2021-12-23 14:00:37";"2021-12-23 14:00:37"
"668";"268";"Laptop";"TravelMate Spin P4";"Baik";"ACER";"2021";"-";"NXVP4SN003142019092N00";"Umum-Ruang Pegawai Umum";"Operasional";NULL;"2021-12-23 14:05:44";"2021-12-23 14:05:44"
"669";"219";"LAPTOP";"TravelMate Spin P4";"Baik";"ACER";"2021";"142006635223";"NXVP4SN0031420199EB2N00TMP414RN-51-74AXM";"Umum-Ruang Pegawai SDM";"Operasional";NULL;"2021-12-24 00:59:03";"2021-12-24 00:59:03"
"670";"187";"Laptop";"TravelMate Spin P4";"Baik";"ACER";"2021";"-";"NXVP4SN00314201a072N00";"Umum-Ruang Pegawai PBJ";"Operasional";NULL;"2021-12-24 02:29:08";"2021-12-24 02:29:08"
"671";"242";"Laptop";"V330-141KB";"Baik";"LENOVO";"2021";"-";"MP1DWMOV";"Umum-Ruang Pegawai PBJ";"Operasional";NULL;"2021-12-24 06:04:04";"2021-12-24 06:04:04"
"673";"249";"Laptop";"ThinkPad T14 Gen 1";"Baik";"LENOVO";"2021";"-";"PF-2J7S4D";"Ruang Kepala BPS";"Operasional";NULL;"2021-12-24 06:20:19";"2021-12-24 06:20:19"
"674";"262";"Laptop";"TravelMate Spin P4";"Baik";"ACER";"2021";"-";"NXVP4SN003142019D22N00";"Umum-Ruang Pegawai Keuangan";"Operasional";NULL;"2021-12-24 06:36:05";"2021-12-24 06:36:05"
"675";"249";"UPS";"CN1300";"Baik";"ICA";"2000";"-";"1J1HR1502089";"Ruang Kepala BPS";"Operasional";NULL;"2021-12-24 06:40:12";"2021-12-24 06:40:12"
"676";"245";"Laptop";"TravelMate Spin P4";"Baik";"ACER";"2021";"-";"NXVP4SN003142019E22N00";"Nerwilis-Ruang Pegawai";"Operasional";NULL;"2021-12-24 13:30:57";"2021-12-24 13:30:57"
"677";"255";"Laptop";"VIVO BOOK A442U";"Baik";"ASUS";"2018";"-";"J2N0CV08H163089";"Statistik Sosial-Ruang Pegawai";"Operasional";NULL;"2021-12-27 01:22:30";"2021-12-27 01:22:30"
"678";"186";"Laptop";"Notebook UX390U";"Baik";"ASUS";"2018";"-";"J5N0CYKKR00L229";"Umum-Ruang Pegawai Umum";"Operasional";NULL;"2021-12-27 07:43:47";"2021-12-27 07:43:47"
"679";"209";"Laptop";"V330-14IKB";"Baik";"LENOVO";"2018";"169";"MP1DWLYL";"Statistik Sosial-Ruang Pegawai";"Operasional";NULL;"2021-12-28 04:38:26";"2021-12-28 04:38:26"
"680";"207";"Laptop";"Lainnya";"Baik";"LENOVO";"2021";"-";"MP1DWJZC";"Statistik Produksi-Ruang Pegawai";"Operasional";NULL;"2021-12-29 01:42:29";"2021-12-29 01:42:29"
"681";"283";"UPS";"PSA600-SOHO";"Baik";"Vertiv Liebert";"2018";"306010104834";"241711407096SH";"Statistik Distribusi-Ruang Pegawai";"Operasional";NULL;"2021-12-30 01:36:12";"2021-12-30 01:36:12"
"682";"271";"Laptop";"Probook 440 G5";"Rusak Ringan";"HP";"2018";"155";"3.10.01.02.002";"Statistik Distribusi-Ruang Pegawai";"Operasional";NULL;"2021-12-30 02:20:11";"2021-12-30 02:20:11"
"683";"271";"PC";"Optiplex 3040 Micro";"Baik";"DELL";"2013";"81";"3.10.01.02.001";"Statistik Distribusi-Ruang Pegawai";"Operasional";NULL;"2021-12-30 02:25:10";"2021-12-30 02:25:10"
"684";"5";"Headset/Earphone";"sport x";"Baik";"Vivan";"2020";"054011700428701000KD.2020";"bhayu";"Umum-Ruang Pegawai Umum";"Operasional";NULL;"2021-12-31 05:45:15";"2021-12-31 05:45:15"
"685";"258";"Laptop";"vivobook a442u";"Baik";"ASUS";"2018";"178";"J2N0CV08H16208B";"Statistik Produksi-Ruang Pegawai";"Operasional";NULL;"2022-01-04 00:57:40";"2022-01-04 00:57:40"
"687";"194";"Laptop";"Lainnya";"Rusak Ringan";"LENOVO";"2012";"3100102002138";"PB-CKVE4 12/04";"Umum-Ruang Pegawai SDM";"Operasional";NULL;"2022-03-29 07:45:15";"2022-03-29 07:45:15"
"688";"180";"UPS";"850 USBS IEC";"Rusak Berat";"Ellipse Max";"2000";"-";"ADJK5102W";"IPDS-Ruang Pengolahan";"Tidak digunakan";"1655682446_96fb1b87867662ccfafb.pdf";"2022-04-13 06:25:46";"2022-04-13 06:25:46"
"689";"201";"Laptop";"Lainnya";"Rusak Ringan";"HP";"2014";"3100102002";"5CD8327X7X";"Statistik Produksi-Ruang Pegawai";"Operasional";NULL;"2022-05-14 06:40:09";"2022-05-14 06:40:09"
"690";"287";"PC";"Optiplex 3020 Micro";"Rusak Ringan";"DELL";"2016";"tidak ada stiker";"tidak ada stiker";"Umum-Ruang Pegawai Keuangan";"Operasional";NULL;"2022-05-31 08:21:15";"2022-05-31 08:21:15"
"691";"215";"PC";"Prodesk 41 G5 SFF";"Baik";"HP";"2018";"3100102001140";"1CZ83101QX";"IPDS-Ruang Pengolahan";"Operasional";NULL;"2022-06-06 02:24:44";"2022-06-06 02:24:44"
"692";"179";"PC";"Optiplex 3010 DT";"Rusak Ringan";"DELL";"2013";"310010200176";"5VB2G2S";"Umum-Ruang Pegawai Keuangan";"Operasional";NULL;"2022-06-07 01:53:45";"2022-06-07 01:53:45"
"693";"257";"Laptop";"V330";"Baik";"LENOVO";"2018";"3100102002";"MP1DWKKW";"Nerwilis-Ruang Pegawai";"Operasional";NULL;"2022-06-08 06:41:11";"2022-06-08 06:41:11"
"694";"289";"Laptop";"Lainnya";"Baik";"HP";"2018";"054011700428701000KD.2018";"SCD8327X91";"Nerwilis-Ruang Pegawai";"Operasional";NULL;"2022-06-10 04:47:27";"2022-06-10 04:47:27"
"695";"289";"Headset/Earphone";"Sport X True Wireless Stereo Earbuds";"Baik";"Vivan";"2018";"054011700428701000KD.2020";"30602118K";"Nerwilis-Ruang Pegawai";"Operasional";NULL;"2022-06-10 04:51:44";"2022-06-10 04:51:44"
"697";"266";"Laptop";"VIVOBOOK 14";"Baik";"ASUS";"2019";"310010200384";"L9L0CV21N92540C";"Umum-Ruang Pegawai SDM";"Operasional";NULL;"2022-07-01 07:46:53";"2022-07-01 07:46:53"
"698";"208";"PC";"Optiplex 3040 Micro";"Baik";"DELL";"2016";"3.10.01.02.001.100";"3775086434";"Umum-Ruang Pegawai Perencanaan";"Operasional";NULL;"2022-07-19 04:30:45";"2022-07-19 04:30:45"
"699";"256";"PC";"Lainnya";"Baik";"ASUS";"2014";"3100102001";"E9PTBX003480";"Umum-Ruang Pegawai Perencanaan";"Operasional";NULL;"2022-07-19 04:40:14";"2022-07-19 04:40:14"
"700";"267";"PC";"L6170";"Rusak Ringan";"EPSON";"2020";"3100203003-9";"X4EZ008456";"IPDS-Ruang Koordinator";"Operasional";NULL;"2022-10-13 03:13:35";"2022-10-13 03:13:35"
"701";"274";"PC";"L15160";"Baik";"EPSON";"2021";"-";"X6MQ003583";"IPDS-Ruang Koordinator";"Operasional";NULL;"2023-01-06 02:00:49";"2023-01-06 02:00:49"
